StudentID,FirstName,LastName,EmailID,Gender,DOB
F6F3D3,Olga,Petersen,ac.sem.ut@Uttincidunt.ca,M,1960/05/09
L3S4D2,Cairo,Weeks,mauris.sit.amet@molestietellusAenean.ca,M,1980/05/04
R9U7Q4,Tatiana,Robinson,porttitor.vulputate@eratnonummyultricies.co.uk,F,1980/09/19
M2T8E1,Aileen,Thomas,diam.vel.arcu@Suspendisse.ca,M,1979/04/17
J5I0O7,Carissa,Kinney,fringilla@ametdapibusid.net,M,1983/08/24
Y8L9J1,Catherine,Ball,augue.malesuada@sitametrisus.com,M,1974/12/26
M0K6T2,Todd,Stephenson,Curabitur.vel.lectus@in.net,F,1964/04/04
T5I0X5,Amela,Harrison,ornare.facilisis.eget@nectellusNunc.org,M,1978/08/18
K4X4V4,Reece,Olsen,magnis@sodalesnisimagna.net,M,1974/07/01
Y7U7L4,Britanney,Miles,eget.tincidunt.dui@tellusid.net,F,1973/01/24
B1Q2J3,Garrett,Stanton,Nullam@laoreetipsum.edu,M,1990/11/20
E4J2O5,Madeline,Harrell,Donec.feugiat@odioAliquam.org,F,1987/04/16
L2L6P8,Yeo,Ortiz,ullamcorper.viverra.Maecenas@necleoMorbi.org,F,1993/05/28
J5R1R5,Jana,Butler,lectus@nulla.com,M,1994/12/22
Q6A0C6,Noel,Glover,dictum.augue@tristiquepharetraQuisque.edu,M,1986/07/23
U0O6C8,Rashad,Bowen,Nunc@idenimCurabitur.net,F,1962/06/04
K1G8K3,Laith,Johnston,enim.Suspendisse@orci.edu,F,1987/02/10
A2B2A9,Nerea,Ashley,nascetur.ridiculus@sedtortor.org,F,1960/05/01
V9W7C2,Yuli,Diaz,arcu.iaculis@eros.edu,F,1985/12/06
K4W4K8,Quin,Estes,Phasellus.dapibus@atsem.co.uk,M,1985/01/16
D4Y7B5,Lance,Mendez,imperdiet.nec.leo@lectusrutrumurna.net,F,1963/09/14
Y1P4W1,Reed,Cooper,vulputate.lacus@imperdietnon.com,M,1970/04/27
D9J1Y1,Camille,Britt,lectus.pede.et@Crasdictumultricies.org,F,1964/10/02
E5W1K0,Haviva,Robbins,torquent.per.conubia@dolordapibus.ca,M,1979/10/01
L8K4M0,Amir,Hobbs,velit@cubilia.com,M,1965/07/12
R6A1L3,Wynne,Wilkinson,amet@velitAliquamnisl.edu,M,1960/02/19
B3P5L8,Isabelle,Sexton,convallis@vitaealiquameros.net,M,1979/02/18
L8P7D8,Arden,Mcknight,ipsum@Maurisnon.edu,M,1991/11/17
A7I5C2,Clementine,Garrett,erat.eget.ipsum@utmi.ca,M,1981/03/16
Z9Y1P8,Ciaran,Cochran,nibh.vulputate@dictummagna.ca,M,1988/05/30
R2T1S9,Amity,Hicks,Aliquam.auctor@tinciduntadipiscingMauris.ca,M,1983/01/20
K7I4Q0,Willa,Patel,morbi.tristique@dolorelitpellentesque.org,F,1988/09/13
D7Q4V0,Justin,Kerr,Mauris.eu.turpis@Morbineque.org,F,1993/02/03
J0R8B4,Haley,Gutierrez,et@Etiamlaoreetlibero.com,F,1989/06/17
P9M0G6,Barry,Joyner,lobortis.risus.In@turpisegestasAliquam.org,F,1970/06/09
I7D0J3,Justin,Holland,et.commodo.at@interdum.co.uk,F,1965/08/05
C7N7P0,Bree,Boyd,tellus.imperdiet@variusNam.org,M,1982/05/29
B4I3V6,Rana,Thompson,velit.in.aliquet@vehicula.com,M,1961/12/16
K4T8N7,Summer,Simon,vitae@luctussitamet.edu,M,1968/02/19
E4N2X1,Veda,Carpenter,mauris@lacinia.com,F,1983/04/22
C7I2Q7,Ivor,Bentley,orci.lacus.vestibulum@quis.co.uk,M,1964/03/11
C7C8Q6,Charissa,Richardson,sed.dui@Vivamusnibhdolor.com,M,1974/06/23
X9D3O7,Florence,Howard,pede@amet.ca,F,1976/07/18
Q7H6V3,Tanya,Alexander,lorem.Donec.elementum@tristiquepharetraQuisque.edu,F,1969/07/31
D9C2D5,Tarik,Rowe,dolor.vitae@acliberonec.com,F,1960/07/01
F4H1T6,Rama,Guthrie,accumsan@variusorciin.com,F,1968/04/08
V0S7E7,Malcolm,Weber,Fusce@id.co.uk,F,1969/08/14
Q2D1D5,Sage,Morrison,In.at.pede@ornare.net,M,1972/06/03
X2U4G1,Hasad,Dennis,dolor.sit.amet@quamdignissimpharetra.com,F,1962/11/09
E1O0V2,Daryl,York,ullamcorper.magna@risus.ca,M,1982/10/03
M6Y3B1,Vera,Montoya,justo@Nuncquis.net,F,1994/08/20
T2D5K0,Yolanda,Mercado,ipsum.primis@dolordolor.co.uk,F,1990/05/09
M7K7L4,Dane,Newton,felis@Nuncut.org,M,1992/06/03
M3A8G6,Keegan,Saunders,congue.a.aliquet@id.org,F,1968/02/11
O4N4A4,Forrest,Pratt,sed.turpis@Crasdolordolor.com,M,1971/08/19
X2P2R4,Keegan,Vang,Mauris.ut@Nuncacsem.net,F,1985/07/24
M1Z5B6,Kuame,Herrera,sed@Etiambibendum.co.uk,F,1967/07/17
A0M6I8,Ina,Oneal,felis.adipiscing.fringilla@risus.org,F,1968/07/02
U1K4E0,Tate,Branch,sociis@Vestibulum.co.uk,F,1966/09/14
W2M9I2,Keaton,Sullivan,aliquam.eu.accumsan@Duisatlacus.org,M,1968/07/04
W1F1Q0,Velma,Snow,elementum.at@Aeneaneuismod.net,M,1992/09/23
N5O0W3,Elton,Torres,nec.leo.Morbi@dictum.ca,M,1960/07/19
J6Y8G9,Raven,Sherman,libero.dui@asollicitudin.ca,F,1980/08/09
V2T0Z6,Steven,Harvey,Aliquam.gravida.mauris@magnaatortor.net,M,1974/03/10
G8E8X8,Gillian,Holder,libero.et@nuncullamcorpereu.ca,M,1983/09/16
L4J6K2,Thane,Mcgowan,a.malesuada@Nullasemper.ca,F,1992/02/04
M0J7M1,Blake,Dennis,ligula@vitaeposuereat.com,M,1964/03/01
A4E7Y9,Eliana,Palmer,dui.Fusce@aodio.co.uk,M,1963/10/13
R4D0V9,Ruth,Golden,orci@diamSeddiam.com,M,1971/04/27
T4I5T5,Dexter,Duran,Quisque.porttitor@scelerisqueneque.ca,M,1992/11/07
X3M9W7,Reece,Case,tincidunt.vehicula@vulputateeuodio.co.uk,M,1975/08/29
Y0W4S6,Hilary,Cunningham,volutpat.nunc@porttitorvulputate.co.uk,M,1972/02/10
S3F7V8,Brynne,Bullock,lacinia@atarcuVestibulum.ca,F,1960/04/18
D2E8N9,Upton,Huber,consectetuer@at.com,F,1994/05/02
F7C1H1,Colton,Sanders,litora.torquent.per@aenim.edu,M,1982/09/04
N6I1O5,Hammett,Estrada,libero.est.congue@sapien.co.uk,M,1965/08/26
I0X8A4,Nadine,Sharp,eros.nec@aliquetPhasellus.net,F,1988/07/21
E5X6J5,Mikayla,Patrick,gravida@sodalesatvelit.co.uk,F,1965/06/11
C2K8J7,Xantha,Malone,tincidunt.dui.augue@dictum.edu,F,1994/04/29
X5D0I4,Dominic,Noble,sem@Nuncmauris.edu,F,1986/05/23
F2K9I6,Abel,Durham,Donec.tempor.est@ornare.ca,F,1982/11/15
K9Z5Q2,Ayanna,Walker,commodo@eget.ca,M,1978/12/25
B0F7H8,Mira,Black,Duis@aliquetProinvelit.com,F,1978/11/01
Y7C6X4,Tyrone,Mclaughlin,commodo.auctor@velsapienimperdiet.co.uk,M,1991/02/13
V3I9I6,Beatrice,Hernandez,Nunc.sollicitudin@ametfaucibus.com,M,1974/03/18
S7G1Q4,Patricia,Watkins,ut.dolor@nequesedsem.co.uk,M,1989/12/05
P5B9B3,Donna,Bennett,congue.turpis@blanditenimconsequat.edu,F,1964/03/24
F6N8K4,Yolanda,Davenport,Donec.elementum.lorem@magnatellus.co.uk,M,1963/03/26
Q7Q4P0,Mannix,Baker,ut.molestie.in@ipsumdolorsit.co.uk,F,1986/11/14
G1T2T6,Bell,Petersen,amet@velit.edu,F,1984/09/24
V7M0H7,Arsenio,Beck,nulla.In@estNunclaoreet.edu,M,1973/11/18
Y8Y7I7,Savannah,Reynolds,Suspendisse.sed@mauriserat.co.uk,M,1990/04/03
O2Q8E2,Kameko,Mcdonald,Phasellus.vitae.mauris@maurisutmi.net,F,1993/11/29
J7Z6V5,Maxwell,Heath,Lorem@eusemPellentesque.net,F,1960/02/05
H9T1G3,Cooper,Mercado,Vestibulum@sitamet.co.uk,M,1978/07/29
Q3X1C3,Lawrence,Pena,id.ante@dictum.ca,M,1960/11/25
I7U4M5,Joel,Curtis,Cras.dolor@eu.edu,F,1977/08/24
V7Z2W9,Eric,Ortega,per@estconguea.org,M,1983/09/29
N1W5P0,Grace,Montgomery,molestie.pharetra@Vestibulumanteipsum.org,M,1988/01/19
Z0L8T3,Scott,Michael,ullamcorper@bibendumsed.com,F,1988/01/04